Workbook

Sheet Invalidez-Mujeres
A1: TABLA MI-2006-MUJERES | E1: TABLA MI-2014 - MUJERES | I1: TABLA MI-2020-MUJERES
I2: Edad | J2: qx 2020
A3: Edad | B3: qx 2006 | C3: Factor Aax | E3: Edad | F3: qx 2014 | G3: Factor Aax
A4: 0 | B4: 0.00631489 | C4: 0.0107 | E4: 0 | F4: 0.00832329 | G4: 0.0406 | I4: 0 | J4: 0.00520685
A5: 1 | B5: 0.00632904 | C5: 0.0107 | E5: 1 | F5: 0.00294823 | G5: 0.0406 | I5: 1 | J5: 0.00297972
A6: 2 | B6: 0.00634389 | C6: 0.0107 | E6: 2 | F6: 0.0030975 | G6: 0.0406 | I6: 2 | J6: 0.00202994
A7: 3 | B7: 0.00635876 | C7: 0.0107 | E7: 3 | F7: 0.0032492 | G7: 0.0406 | I7: 3 | J7: 0.00160661
A8: 4 | B8: 0.00637435 | C8: 0.0107 | E8: 4 | F8: 0.00347967 | G8: 0.0406 | I8: 4 | J8: 0.00136809
A9: 5 | B9: 0.00639065 | C9: 0.01 | E9: 5 | F9: 0.00376202 | G9: 0.0358 | I9: 5 | J9: 0.00123699
A10: 6 | B10: 0.00640767 | C10: 0.01 | E10: 6 | F10: 0.00399717 | G10: 0.0358 | I10: 6 | J10: 0.00113508
A11: 7 | B11: 0.00642471 | C11: 0.01 | E11: 7 | F11: 0.00423464 | G11: 0.0358 | I11: 7 | J11: 0.00106643
A12: 8 | B12: 0.00644318 | C12: 0.01 | E12: 8 | F12: 0.00447414 | G12: 0.0358 | I12: 8 | J12: 0.00101843
A13: 9 | B13: 0.00646237 | C13: 0.01 | E13: 9 | F13: 0.00471538 | G13: 0.0358 | I13: 9 | J13: 0.00100611
A14: 10 | B14: 0.0064823 | C14: 0.0096 | E14: 10 | F14: 0.00510743 | G14: 0.0287 | I14: 10 | J14: 0.00103708
A15: 11 | B15: 0.00650296 | C15: 0.0096 | E15: 11 | F15: 0.00536517 | G15: 0.0287 | I15: 11 | J15: 0.00115852
... A114: 110 | B114: 1 | C114: 0 | E114: 110 | F114: 1 | G114: 0 | I114: 110 | J114: 1

Sheet Sobrevivencia-Mujeres
A1: TABLA B-2006-MUJERES | E1: TABLA B-2014-MUJERES | I1: TABLA B-2020-MUJERES
I2: Edad | J2: qx 2020
A3: Edad | B3: qx 2006 | C3: Factor Aax | E3: Edad | F3: qx 2014 | G3: Factor Aax
A4: 0 | B4: 0.00648145 | C4: 0.0107 | E4: 0 | F4: 0.00523477 | G4: 0.0406 | I4: 0 | J4: 0.00520685
A5: 1 | B5: 0.00059464 | C5: 0.0107 | E5: 1 | F5: 0.00034512 | G5: 0.0406 | I5: 1 | J5: 0.00026788
A6: 2 | B6: 0.000367 | C6: 0.0107 | E6: 2 | F6: 0.00025995 | G6: 0.0406 | I6: 2 | J6: 0.0001825
A7: 3 | B7: 0.00027208 | C7: 0.0107 | E7: 3 | F7: 0.00017628 | G7: 0.0406 | I7: 3 | J7: 0.00014444
A8: 4 | B8: 0.00022449 | C8: 0.0107 | E8: 4 | F8: 0.00016557 | G8: 0.0406 | I8: 4 | J8: 0.000123
A9: 5 | B9: 0.00019633 | C9: 0.01 | E9: 5 | F9: 0.00013647 | G9: 0.0358 | I9: 5 | J9: 0.00011121
A10: 6 | B10: 0.00017754 | C10: 0.01 | E10: 6 | F10: 0.00012549 | G10: 0.0358 | I10: 6 | J10: 0.00010204
A11: 7 | B11: 0.00015877 | C11: 0.01 | E11: 7 | F11: 0.00011668 | G11: 0.0358 | I11: 7 | J11: 9.588e-05
A12: 8 | B12: 0.00014936 | C12: 0.01 | E12: 8 | F12: 0.00010977 | G12: 0.0358 | I12: 8 | J12: 9.156e-05
A13: 9 | B13: 0.00014928 | C13: 0.01 | E13: 9 | F13: 0.00010448 | G13: 0.0358 | I13: 9 | J13: 9.045e-05
A14: 10 | B14: 0.00014921 | C14: 0.0096 | E14: 10 | F14: 0.00010517 | G14: 0.0287 | I14: 10 | J14: 9.324e-05
A15: 11 | B15: 0.00014913 | C15: 0.0096 | E15: 11 | F15: 0.00010854 | G15: 0.0287 | I15: 11 | J15: 0.00010416
... A114: 110 | B114: 1 | C114: 0 | E114: 110 | F114: 1 | G114: 0 | I114: 110 | J114: 1

Sheet Invalidez-Hombres
A1: TABLA MI-2006-HOMBRES | E1: TABLA MI-2014 - HOMBRES | I1: TABLA MI-2020 - HOMBRES
I2: Edad | J2: qx 2020
A3: Edad | B3: qx 2006 | C3: Factor Aax | E3: Edad | F3: qx 2014 | G3: Factor Aax
A4: 0 | B4: 0.00377159 | C4: 0.0102 | E4: 0 | F4: 0.01080429 | G4: 0.0437 | I4: 0 | J4: 0.00615389
A5: 1 | B5: 0.00379287 | C5: 0.0112 | E5: 1 | F5: 0.00440199 | G5: 0.0437 | I5: 1 | J5: 0.00129894
A6: 2 | B6: 0.00381414 | C6: 0.0112 | E6: 2 | F6: 0.00454767 | G6: 0.0437 | I6: 2 | J6: 0.00078692
A7: 3 | B7: 0.00383541 | C7: 0.0112 | E7: 3 | F7: 0.00471059 | G7: 0.0437 | I7: 3 | J7: 0.00064142
A8: 4 | B8: 0.00385668 | C8: 0.0112 | E8: 4 | F8: 0.00484162 | G8: 0.0437 | I8: 4 | J8: 0.00054454
A9: 5 | B9: 0.00387795 | C9: 0.0078 | E9: 5 | F9: 0.00504765 | G9: 0.0416 | I9: 5 | J9: 0.00049954
A10: 6 | B10: 0.00389923 | C10: 0.0078 | E10: 6 | F10: 0.00524207 | G10: 0.0416 | I10: 6 | J10: 0.00046505
A11: 7 | B11: 0.0039205 | C11: 0.0078 | E11: 7 | F11: 0.00543836 | G11: 0.0416 | I11: 7 | J11: 0.00044981
A12: 8 | B12: 0.00394177 | C12: 0.0078 | E12: 8 | F12: 0.00563282 | G12: 0.0416 | I12: 8 | J12: 0.00044003
A13: 9 | B13: 0.00396304 | C13: 0.0078 | E13: 9 | F13: 0.0058262 | G13: 0.0416 | I13: 9 | J13: 0.00043653
A14: 10 | B14: 0.00398431 | C14: 0.0085 | E14: 10 | F14: 0.00613027 | G14: 0.0374 | I14: 10 | J14: 0.00045541
A15: 11 | B15: 0.00400558 | C15: 0.0085 | E15: 11 | F15: 0.00634584 | G15: 0.0374 | I15: 11 | J15: 0.00051147
... A114: 110 | B114: 1 | C114: 0 | E114: 110 | F114: 1 | G114: 0 | I114: 110 | J114: 1

Sheet Sobrevivencia-Hombres
A1: TABLA B-2006-HOMBRES | D1: TABLA CB-2014-HOMBRES | G1: TABLA CB-2020-HOMBRES
G2: Edad | H2: qx 2020
A3: Edad | B3: qx 2006 | D3: Edad | E3: qx 2014
A4: 0 | B4: 0.00788263 | D4: 0 | E4: 0.00527215 | G4: 0 | H4: 0.00615389
A5: 1 | B5: 0.00073452 | D5: 1 | E5: 0.00026525 | G5: 1 | H5: 0.00033059
A6: 2 | B6: 0.00041205 | D6: 2 | E6: 0.0002236 | G6: 2 | H6: 0.00020027
A7: 3 | B7: 0.0002956 | D7: 3 | E7: 0.00019462 | G7: 3 | H7: 0.00016324
A8: 4 | B8: 0.00024185 | D8: 4 | E8: 0.00014259 | G8: 4 | H8: 0.00013858
A9: 5 | B9: 0.00021498 | D9: 5 | E9: 0.00011414 | G9: 5 | H9: 0.00012713
A10: 6 | B10: 0.00019707 | D10: 6 | E10: 0.00010688 | G10: 6 | H10: 0.00011835
A11: 7 | B11: 0.00017915 | D11: 7 | E11: 0.00010098 | G11: 7 | H11: 0.00011448
A12: 8 | B12: 0.00017915 | D12: 8 | E12: 9.377e-05 | G12: 8 | H12: 0.00011199
A13: 9 | B13: 0.00017915 | D13: 9 | E13: 8.58e-05 | G13: 9 | H13: 0.0001111
A14: 10 | B14: 0.00018811 | D14: 10 | E14: 8.242e-05 | G14: 10 | H14: 0.0001159
A15: 11 | B15: 0.00020602 | D15: 11 | E15: 8.778e-05 | G15: 11 | H15: 0.00013017
... A114: 110 | B114: 1 | D114: 110 | E114: 1 | G114: 110 | H114: 1

Sheet MIXTA
A1: Tabla Mixta
A3: Edad | B3: qx2014
A4: 0 | B4: 0.0095638
A5: 1 | B5: 0.0036751
A6: 2 | B6: 0.0038226
A7: 3 | B7: 0.0039799
A8: 4 | B8: 0.0041606
A9: 5 | B9: 0.0044048
A10: 6 | B10: 0.0046196
A11: 7 | B11: 0.0048365
A12: 8 | B12: 0.0050535
A13: 9 | B13: 0.0052708
A14: 10 | B14: 0.0056189
A15: 11 | B15: 0.0058555
... A114: 110 | B114: 1

Sheet Tabla M
A1: Tabla Masc
A3: Edad | B3: qx2014
A4: ='Sobrevivencia-Hombres'!D4 -> 0 | B4: 0.0080382
A5: ='Sobrevivencia-Hombres'!D5 -> 1 | B5: 0.0023336
A6: ='Sobrevivencia-Hombres'!D6 -> 2 | B6: 0.0023856
A7: ='Sobrevivencia-Hombres'!D7 -> 3 | B7: 0.0024526
A8: ='Sobrevivencia-Hombres'!D8 -> 4 | B8: 0.0024921
A9: ='Sobrevivencia-Hombres'!D9 -> 5 | B9: 0.0025809
A10: ='Sobrevivencia-Hombres'!D10 -> 6 | B10: 0.0026745
A11: ='Sobrevivencia-Hombres'!D11 -> 7 | B11: 0.0027697
A12: ='Sobrevivencia-Hombres'!D12 -> 8 | B12: 0.0028633
A13: ='Sobrevivencia-Hombres'!D13 -> 9 | B13: 0.002956
A14: ='Sobrevivencia-Hombres'!D14 -> 10 | B14: 0.0031063
A15: ='Sobrevivencia-Hombres'!D15 -> 11 | B15: 0.0032168
... A114: ='Sobrevivencia-Hombres'!D114 -> 110 | B114: 1

Sheet Tabla F
A1: Tabla Femenina
A3: Edad | B3: qx2014
A4: ='Sobrevivencia-Mujeres'!E4 -> 0 | B4: 0.006779
A5: ='Sobrevivencia-Mujeres'!E5 -> 1 | B5: 0.0016467
A6: ='Sobrevivencia-Mujeres'!E6 -> 2 | B6: 0.0016787
A7: ='Sobrevivencia-Mujeres'!E7 -> 3 | B7: 0.0017127
A8: ='Sobrevivencia-Mujeres'!E8 -> 4 | B8: 0.0018226
A9: ='Sobrevivencia-Mujeres'!E9 -> 5 | B9: 0.0019492
A10: ='Sobrevivencia-Mujeres'!E10 -> 6 | B10: 0.0020613
A11: ='Sobrevivencia-Mujeres'!E11 -> 7 | B11: 0.0021757
A12: ='Sobrevivencia-Mujeres'!E12 -> 8 | B12: 0.002292
A13: ='Sobrevivencia-Mujeres'!E13 -> 9 | B13: 0.0024099
A14: ='Sobrevivencia-Mujeres'!E14 -> 10 | B14: 0.0026063
A15: ='Sobrevivencia-Mujeres'!E15 -> 11 | B15: 0.0027369
... A114: ='Sobrevivencia-Mujeres'!E114 -> 110 | B114: 1
